kode_perusahaan;periode;tahun;bulan;harga_saham;ln_harga_saham;nilai_tukar;bi_rate;inflasi
ADRO;2023-01;2023;1;2960,0;7,9929;14995;5,75;5,28
ANTM;2023-01;2023;1;2310,0;7,745;14995;5,75;5,28
BRIS;2023-01;2023;1;1335,0;7,1967;14995;5,75;5,28
BRMS;2023-01;2023;1;184,0;5,2149;14995;5,75;5,28
CPIN;2023-01;2023;1;5825,0;8,6699;14995;5,75;5,28
EXCL;2023-01;2023;1;2300,0;7,7407;14995;5,75;5,28
ICBP;2023-01;2023;1;10100,0;9,2203;14995;5,75;5,28
INCO;2023-01;2023;1;7425,0;8,9126;14995;5,75;5,28
INDF;2023-01;2023;1;6725,0;8,8136;14995;5,75;5,28
INKP;2023-01;2023;1;8325,0;9,027;14995;5,75;5,28
KLBF;2023-01;2023;1;2060,0;7,6305;14995;5,75;5,28
PGAS;2023-01;2023;1;1545,0;7,3428;14995;5,75;5,28
PTBA;2023-01;2023;1;3400,0;8,1315;14995;5,75;5,28
TLKM;2023-01;2023;1;3850,0;8,2558;14995;5,75;5,28
UNTR;2023-01;2023;1;24550,0;10,1085;14995;5,75;5,28
UNVR;2023-01;2023;1;4660,0;8,4468;14995;5,75;5,28
ADRO;2023-02;2023;2;2990,0;8,003;15209;5,75;5,47
ANTM;2023-02;2023;2;1990,0;7,5959;15209;5,75;5,47
BRIS;2023-02;2023;2;1520,0;7,3265;15209;5,75;5,47
BRMS;2023-02;2023;2;163,0;5,0938;15209;5,75;5,47
CPIN;2023-02;2023;2;5375,0;8,5895;15209;5,75;5,47
EXCL;2023-02;2023;2;2090,0;7,6449;15209;5,75;5,47
ICBP;2023-02;2023;2;10125,0;9,2228;15209;5,75;5,47
INCO;2023-02;2023;2;6825,0;8,8283;15209;5,75;5,47
INDF;2023-02;2023;2;6475,0;8,7757;15209;5,75;5,47
INKP;2023-02;2023;2;7925,0;8,9778;15209;5,75;5,47
KLBF;2023-02;2023;2;2110,0;7,6544;15209;5,75;5,47
PGAS;2023-02;2023;2;1565,0;7,3556;15209;5,75;5,47
PTBA;2023-02;2023;2;3860,0;8,2584;15209;5,75;5,47
TLKM;2023-02;2023;2;3880,0;8,2636;15209;5,75;5,47
UNTR;2023-02;2023;2;27900,0;10,2364;15209;5,75;5,47
UNVR;2023-02;2023;2;4180,0;8,3381;15209;5,75;5,47
ADRO;2023-03;2023;3;2900,0;7,9725;15020;5,75;4,97
ANTM;2023-03;2023;3;2090,0;7,6449;15020;5,75;4,97
BRIS;2023-03;2023;3;1680,0;7,4265;15020;5,75;4,97
BRMS;2023-03;2023;3;170,0;5,1358;15020;5,75;4,97
CPIN;2023-03;2023;3;4990,0;8,5152;15020;5,75;4,97
EXCL;2023-03;2023;3;1980,0;7,5909;15020;5,75;4,97
ICBP;2023-03;2023;3;9975,0;9,2078;15020;5,75;4,97
INCO;2023-03;2023;3;6650,0;8,8024;15020;5,75;4,97
INDF;2023-03;2023;3;6200,0;8,7323;15020;5,75;4,97
INKP;2023-03;2023;3;7500,0;8,9227;15020;5,75;4,97
KLBF;2023-03;2023;3;2100,0;7,6497;15020;5,75;4,97
PGAS;2023-03;2023;3;1380,0;7,2298;15020;5,75;4,97
PTBA;2023-03;2023;3;3990,0;8,2915;15020;5,75;4,97
TLKM;2023-03;2023;3;4060,0;8,3089;15020;5,75;4,97
UNTR;2023-03;2023;3;29100,0;10,2785;15020;5,75;4,97
UNVR;2023-03;2023;3;4350,0;8,3779;15020;5,75;4,97
ADRO;2023-04;2023;4;3130,0;8,0488;14666;5,75;4,33
ANTM;2023-04;2023;4;2100,0;7,6497;14666;5,75;4,33
BRIS;2023-04;2023;4;1730,0;7,4559;14666;5,75;4,33
BRMS;2023-04;2023;4;162,0;5,0876;14666;5,75;4,33
CPIN;2023-04;2023;4;4590,0;8,4316;14666;5,75;4,33
EXCL;2023-04;2023;4;1750,0;7,4674;14666;5,75;4,33
ICBP;2023-04;2023;4;10575,0;9,2662;14666;5,75;4,33
INCO;2023-04;2023;4;6975,0;8,8501;14666;5,75;4,33
INDF;2023-04;2023;4;6450,0;8,7718;14666;5,75;4,33
INKP;2023-04;2023;4;7775,0;8,9587;14666;5,75;4,33
KLBF;2023-04;2023;4;2120,0;7,6592;14666;5,75;4,33
PGAS;2023-04;2023;4;1430,0;7,2654;14666;5,75;4,33
PTBA;2023-04;2023;4;4140,0;8,3285;14666;5,75;4,33
TLKM;2023-04;2023;4;4250,0;8,3547;14666;5,75;4,33
UNTR;2023-04;2023;4;28900,0;10,2716;14666;5,75;4,33
UNVR;2023-04;2023;4;4400,0;8,3894;14666;5,75;4,33
ADRO;2023-05;2023;5;2040,0;7,6207;14979;5,75;4,0
ANTM;2023-05;2023;5;1895,0;7,547;14979;5,75;4,0
BRIS;2023-05;2023;5;1730,0;7,4559;14979;5,75;4,0
BRMS;2023-05;2023;5;116,0;4,7536;14979;5,75;4,0
CPIN;2023-05;2023;5;4950,0;8,5071;14979;5,75;4,0
EXCL;2023-05;2023;5;1985,0;7,5934;14979;5,75;4,0
ICBP;2023-05;2023;5;11700,0;9,3673;14979;5,75;4,0
INCO;2023-05;2023;5;6300,0;8,7483;14979;5,75;4,0
INDF;2023-05;2023;5;7100,0;8,8679;14979;5,75;4,0
INKP;2023-05;2023;5;6900,0;8,8393;14979;5,75;4,0
KLBF;2023-05;2023;5;2030,0;7,6158;14979;5,75;4,0
PGAS;2023-05;2023;5;1430,0;7,2654;14979;5,75;4,0
PTBA;2023-05;2023;5;3060,0;8,0262;14979;5,75;4,0
TLKM;2023-05;2023;5;4040,0;8,304;14979;5,75;4,0
UNTR;2023-05;2023;5;22225,0;10,009;14979;5,75;4,0
UNVR;2023-05;2023;5;4530,0;8,4185;14979;5,75;4,0
ADRO;2023-06;2023;6;2230,0;7,7098;15064;5,75;3,52
ANTM;2023-06;2023;6;1950,0;7,5756;15064;5,75;3,52
BRIS;2023-06;2023;6;1690,0;7,4325;15064;5,75;3,52
BRMS;2023-06;2023;6;136,0;4,9127;15064;5,75;3,52
CPIN;2023-06;2023;6;5275,0;8,5707;15064;5,75;3,52
EXCL;2023-06;2023;6;1955,0;7,5781;15064;5,75;3,52
ICBP;2023-06;2023;6;11325,0;9,3348;15064;5,75;3,52
INCO;2023-06;2023;6;6300,0;8,7483;15064;5,75;3,52
INDF;2023-06;2023;6;7350,0;8,9025;15064;5,75;3,52
INKP;2023-06;2023;6;8500,0;9,0478;15064;5,75;3,52
KLBF;2023-06;2023;6;2050,0;7,6256;15064;5,75;3,52
PGAS;2023-06;2023;6;1305,0;7,174;15064;5,75;3,52
PTBA;2023-06;2023;6;2680,0;7,8936;15064;5,75;3,52
TLKM;2023-06;2023;6;4000,0;8,294;15064;5,75;3,52
UNTR;2023-06;2023;6;23275,0;10,0551;15064;5,75;3,52
UNVR;2023-06;2023;6;4260,0;8,357;15064;5,75;3,52
ADRO;2023-07;2023;7;2410,0;7,7874;15088;5,75;3,08
ANTM;2023-07;2023;7;1985,0;7,5934;15088;5,75;3,08
BRIS;2023-07;2023;7;1655,0;7,4116;15088;5,75;3,08
BRMS;2023-07;2023;7;171,0;5,1417;15088;5,75;3,08
CPIN;2023-07;2023;7;5175,0;8,5516;15088;5,75;3,08
EXCL;2023-07;2023;7;2270,0;7,7275;15088;5,75;3,08
ICBP;2023-07;2023;7;11200,0;9,3237;15088;5,75;3,08
INCO;2023-07;2023;7;6875,0;8,8356;15088;5,75;3,08
INDF;2023-07;2023;7;7325,0;8,899;15088;5,75;3,08
INKP;2023-07;2023;7;9150,0;9,1215;15088;5,75;3,08
KLBF;2023-07;2023;7;1915,0;7,5575;15088;5,75;3,08
PGAS;2023-07;2023;7;1365,0;7,2189;15088;5,75;3,08
PTBA;2023-07;2023;7;2770,0;7,9266;15088;5,75;3,08
TLKM;2023-07;2023;7;3720,0;8,2215;15088;5,75;3,08
UNTR;2023-07;2023;7;27525,0;10,2228;15088;5,75;3,08
UNVR;2023-07;2023;7;3850,0;8,2558;15088;5,75;3,08
ADRO;2023-08;2023;8;2670,0;7,8898;15216;5,75;3,27
ANTM;2023-08;2023;8;1990,0;7,5959;15216;5,75;3,27
BRIS;2023-08;2023;8;1710,0;7,4442;15216;5,75;3,27
BRMS;2023-08;2023;8;195,0;5,273;15216;5,75;3,27
CPIN;2023-08;2023;8;5175,0;8,5516;15216;5,75;3,27
EXCL;2023-08;2023;8;2500,0;7,824;15216;5,75;3,27
ICBP;2023-08;2023;8;11200,0;9,3237;15216;5,75;3,27
INCO;2023-08;2023;8;5900,0;8,6827;15216;5,75;3,27
INDF;2023-08;2023;8;7100,0;8,8679;15216;5,75;3,27
INKP;2023-08;2023;8;9100,0;9,116;15216;5,75;3,27
KLBF;2023-08;2023;8;1815,0;7,5038;15216;5,75;3,27
PGAS;2023-08;2023;8;1375,0;7,2262;15216;5,75;3,27
PTBA;2023-08;2023;8;2860,0;7,9586;15216;5,75;3,27
TLKM;2023-08;2023;8;3730,0;8,2242;15216;5,75;3,27
UNTR;2023-08;2023;8;26000,0;10,1659;15216;5,75;3,27
UNVR;2023-08;2023;8;3670,0;8,2079;15216;5,75;3,27
ADRO;2023-09;2023;9;2850,0;7,9551;15487;5,75;2,28
ANTM;2023-09;2023;9;1815,0;7,5038;15487;5,75;2,28
BRIS;2023-09;2023;9;1625,0;7,3933;15487;5,75;2,28
BRMS;2023-09;2023;9;212,0;5,3566;15487;5,75;2,28
CPIN;2023-09;2023;9;5425,0;8,5988;15487;5,75;2,28
EXCL;2023-09;2023;9;2380,0;7,7749;15487;5,75;2,28
ICBP;2023-09;2023;9;11075,0;9,3124;15487;5,75;2,28
INCO;2023-09;2023;9;5650,0;8,6394;15487;5,75;2,28
INDF;2023-09;2023;9;6625,0;8,7986;15487;5,75;2,28
INKP;2023-09;2023;9;11100,0;9,3147;15487;5,75;2,28
KLBF;2023-09;2023;9;1755,0;7,4702;15487;5,75;2,28
PGAS;2023-09;2023;9;1375,0;7,2262;15487;5,75;2,28
PTBA;2023-09;2023;9;2800,0;7,9374;15487;5,75;2,28
TLKM;2023-09;2023;9;3750,0;8,2295;15487;5,75;2,28
UNTR;2023-09;2023;9;28250,0;10,2488;15487;5,75;2,28
UNVR;2023-09;2023;9;3740,0;8,2268;15487;5,75;2,28
ADRO;2023-10;2023;10;2560,0;7,8478;15843;6,0;2,56
ANTM;2023-10;2023;10;1705,0;7,4413;15843;6,0;2,56
BRIS;2023-10;2023;10;1500,0;7,3132;15843;6,0;2,56
BRMS;2023-10;2023;10;194,0;5,2679;15843;6,0;2,56
CPIN;2023-10;2023;10;5800,0;8,6656;15843;6,0;2,56
EXCL;2023-10;2023;10;2270,0;7,7275;15843;6,0;2,56
ICBP;2023-10;2023;10;10350,0;9,2447;15843;6,0;2,56
INCO;2023-10;2023;10;4950,0;8,5071;15843;6,0;2,56
INDF;2023-10;2023;10;6650,0;8,8024;15843;6,0;2,56
INKP;2023-10;2023;10;9600,0;9,1695;15843;6,0;2,56
KLBF;2023-10;2023;10;1690,0;7,4325;15843;6,0;2,56
PGAS;2023-10;2023;10;1255,0;7,1349;15843;6,0;2,56
PTBA;2023-10;2023;10;2480,0;7,816;15843;6,0;2,56
TLKM;2023-10;2023;10;3490,0;8,1577;15843;6,0;2,56
UNTR;2023-10;2023;10;25125,0;10,1316;15843;6,0;2,56
UNVR;2023-10;2023;10;3620,0;8,1942;15843;6,0;2,56
ADRO;2023-11;2023;11;2620,0;7,8709;15407;6,0;2,86
ANTM;2023-11;2023;11;1740,0;7,4616;15407;6,0;2,86
BRIS;2023-11;2023;11;1655,0;7,4116;15407;6,0;2,86
BRMS;2023-11;2023;11;202,0;5,3083;15407;6,0;2,86
CPIN;2023-11;2023;11;5200,0;8,5564;15407;6,0;2,86
EXCL;2023-11;2023;11;2120,0;7,6592;15407;6,0;2,86
ICBP;2023-11;2023;11;11550,0;9,3544;15407;6,0;2,86
INCO;2023-11;2023;11;4500,0;8,4118;15407;6,0;2,86
INDF;2023-11;2023;11;6425,0;8,768;15407;6,0;2,86
INKP;2023-11;2023;11;8775,0;9,0797;15407;6,0;2,86
KLBF;2023-11;2023;11;1615,0;7,3871;15407;6,0;2,86
PGAS;2023-11;2023;11;1115,0;7,0166;15407;6,0;2,86
PTBA;2023-11;2023;11;2420,0;7,7915;15407;6,0;2,86
TLKM;2023-11;2023;11;3760,0;8,2322;15407;6,0;2,86
UNTR;2023-11;2023;11;21900,0;9,9942;15407;6,0;2,86
UNVR;2023-11;2023;11;3650,0;8,2025;15407;6,0;2,86
ADRO;2023-12;2023;12;2380,0;7,7749;15416;6,0;2,61
ANTM;2023-12;2023;12;1705,0;7,4413;15416;6,0;2,61
BRIS;2023-12;2023;12;1740,0;7,4616;15416;6,0;2,61
BRMS;2023-12;2023;12;170,0;5,1358;15416;6,0;2,61
CPIN;2023-12;2023;12;5025,0;8,5222;15416;6,0;2,61
EXCL;2023-12;2023;12;2000,0;7,6009;15416;6,0;2,61
ICBP;2023-12;2023;12;10575,0;9,2662;15416;6,0;2,61
INCO;2023-12;2023;12;4310,0;8,3687;15416;6,0;2,61
INDF;2023-12;2023;12;6450,0;8,7718;15416;6,0;2,61
INKP;2023-12;2023;12;8325,0;9,027;15416;6,0;2,61
KLBF;2023-12;2023;12;1610,0;7,384;15416;6,0;2,61
PGAS;2023-12;2023;12;1130,0;7,03;15416;6,0;2,61
PTBA;2023-12;2023;12;2440,0;7,7998;15416;6,0;2,61
TLKM;2023-12;2023;12;3950,0;8,2815;15416;6,0;2,61
UNTR;2023-12;2023;12;22625,0;10,0268;15416;6,0;2,61
UNVR;2023-12;2023;12;3530,0;8,1691;15416;6,0;2,61
ADRO;2024-01;2024;1;2400,0;7,7832;15783;6,0;2,57
ANTM;2024-01;2024;1;1550,0;7,346;15783;6,0;2,57
BRIS;2024-01;2024;1;2330,0;7,7536;15783;6,0;2,57
BRMS;2024-01;2024;1;155,0;5,0434;15783;6,0;2,57
CPIN;2024-01;2024;1;4480,0;8,4074;15783;6,0;2,57
EXCL;2024-01;2024;1;2320,0;7,7493;15783;6,0;2,57
ICBP;2024-01;2024;1;11775,0;9,3737;15783;6,0;2,57
INCO;2024-01;2024;1;3870,0;8,261;15783;6,0;2,57
INDF;2024-01;2024;1;6375,0;8,7601;15783;6,0;2,57
INKP;2024-01;2024;1;7825,0;8,9651;15783;6,0;2,57
KLBF;2024-01;2024;1;1510,0;7,3199;15783;6,0;2,57
PGAS;2024-01;2024;1;1165,0;7,0605;15783;6,0;2,57
PTBA;2024-01;2024;1;2610,0;7,8671;15783;6,0;2,57
TLKM;2024-01;2024;1;3960,0;8,284;15783;6,0;2,57
UNTR;2024-01;2024;1;22950,0;10,0411;15783;6,0;2,57
UNVR;2024-01;2024;1;3100,0;8,0392;15783;6,0;2,57
ADRO;2024-02;2024;2;2420,0;7,7915;15715;6,0;2,75
ANTM;2024-02;2024;2;1460,0;7,2862;15715;6,0;2,75
BRIS;2024-02;2024;2;2470,0;7,812;15715;6,0;2,75
BRMS;2024-02;2024;2;144,0;4,9698;15715;6,0;2,75
CPIN;2024-02;2024;2;4840,0;8,4847;15715;6,0;2,75
EXCL;2024-02;2024;2;2380,0;7,7749;15715;6,0;2,75
ICBP;2024-02;2024;2;11550,0;9,3544;15715;6,0;2,75
INCO;2024-02;2024;2;4050,0;8,3065;15715;6,0;2,75
INDF;2024-02;2024;2;6625,0;8,7986;15715;6,0;2,75
INKP;2024-02;2024;2;8725,0;9,0739;15715;6,0;2,75
KLBF;2024-02;2024;2;1490,0;7,3065;15715;6,0;2,75
PGAS;2024-02;2024;2;1090,0;6,9939;15715;6,0;2,75
PTBA;2024-02;2024;2;2560,0;7,8478;15715;6,0;2,75
TLKM;2024-02;2024;2;4000,0;8,294;15715;6,0;2,75
UNTR;2024-02;2024;2;23525,0;10,0658;15715;6,0;2,75
UNVR;2024-02;2024;2;2730,0;7,9121;15715;6,0;2,75
ADRO;2024-03;2024;3;2700,0;7,901;15857;6,0;3,05
ANTM;2024-03;2024;3;1600,0;7,3778;15857;6,0;3,05
BRIS;2024-03;2024;3;2710,0;7,9047;15857;6,0;3,05
BRMS;2024-03;2024;3;150,0;5,0106;15857;6,0;3,05
CPIN;2024-03;2024;3;5250,0;8,566;15857;6,0;3,05
EXCL;2024-03;2024;3;2260,0;7,7231;15857;6,0;3,05
ICBP;2024-03;2024;3;11600,0;9,3588;15857;6,0;3,05
INCO;2024-03;2024;3;4070,0;8,3114;15857;6,0;3,05
INDF;2024-03;2024;3;6375,0;8,7601;15857;6,0;3,05
INKP;2024-03;2024;3;9575,0;9,1669;15857;6,0;3,05
KLBF;2024-03;2024;3;1475,0;7,2964;15857;6,0;3,05
PGAS;2024-03;2024;3;1360,0;7,2152;15857;6,0;3,05
PTBA;2024-03;2024;3;2970,0;7,9963;15857;6,0;3,05
TLKM;2024-03;2024;3;3470,0;8,1519;15857;6,0;3,05
UNTR;2024-03;2024;3;24175,0;10,0931;15857;6,0;3,05
UNVR;2024-03;2024;3;2700,0;7,901;15857;6,0;3,05
ADRO;2024-04;2024;4;2710,0;7,9047;16255;6,25;3,0
ANTM;2024-04;2024;4;1640,0;7,4025;16255;6,25;3,0
BRIS;2024-04;2024;4;2640,0;7,8785;16255;6,25;3,0
BRMS;2024-04;2024;4;153,0;5,0304;16255;6,25;3,0
CPIN;2024-04;2024;4;4950,0;8,5071;16255;6,25;3,0
EXCL;2024-04;2024;4;2470,0;7,812;16255;6,25;3,0
ICBP;2024-04;2024;4;10875,0;9,2942;16255;6,25;3,0
INCO;2024-04;2024;4;4250,0;8,3547;16255;6,25;3,0
INDF;2024-04;2024;4;6250,0;8,7403;16255;6,25;3,0
INKP;2024-04;2024;4;9375,0;9,1458;16255;6,25;3,0
KLBF;2024-04;2024;4;1455,0;7,2828;16255;6,25;3,0
PGAS;2024-04;2024;4;1470,0;7,293;16255;6,25;3,0
PTBA;2024-04;2024;4;3030,0;8,0163;16255;6,25;3,0
TLKM;2024-04;2024;4;3170,0;8,0615;16255;6,25;3,0
UNTR;2024-04;2024;4;24825,0;10,1196;16255;6,25;3,0
UNVR;2024-04;2024;4;2620,0;7,8709;16255;6,25;3,0
ADRO;2024-05;2024;5;2770,0;7,9266;16253;6,25;2,84
ANTM;2024-05;2024;5;1465,0;7,2896;16253;6,25;2,84
BRIS;2024-05;2024;5;2200,0;7,6962;16253;6,25;2,84
BRMS;2024-05;2024;5;155,0;5,0434;16253;6,25;2,84
CPIN;2024-05;2024;5;5200,0;8,5564;16253;6,25;2,84
EXCL;2024-05;2024;5;2310,0;7,745;16253;6,25;2,84
ICBP;2024-05;2024;5;9750,0;9,185;16253;6,25;2,84
INCO;2024-05;2024;5;4970,0;8,5112;16253;6,25;2,84
INDF;2024-05;2024;5;5875,0;8,6785;16253;6,25;2,84
INKP;2024-05;2024;5;9100,0;9,116;16253;6,25;2,84
KLBF;2024-05;2024;5;1490,0;7,3065;16253;6,25;2,84
PGAS;2024-05;2024;5;1580,0;7,3652;16253;6,25;2,84
PTBA;2024-05;2024;5;2490,0;7,82;16253;6,25;2,84
TLKM;2024-05;2024;5;2900,0;7,9725;16253;6,25;2,84
UNTR;2024-05;2024;5;22075,0;10,0022;16253;6,25;2,84
UNVR;2024-05;2024;5;3120,0;8,0456;16253;6,25;2,84
ADRO;2024-06;2024;6;2790,0;7,9338;16421;6,25;2,51
ANTM;2024-06;2024;6;1250,0;7,1309;16421;6,25;2,51
BRIS;2024-06;2024;6;2620,0;7,8709;16421;6,25;2,51
BRMS;2024-06;2024;6;146,0;4,9836;16421;6,25;2,51
CPIN;2024-06;2024;6;5075,0;8,5321;16421;6,25;2,51
EXCL;2024-06;2024;6;2160,0;7,6779;16421;6,25;2,51
ICBP;2024-06;2024;6;10300,0;9,2399;16421;6,25;2,51
INCO;2024-06;2024;6;4220,0;8,3476;16421;6,25;2,51
INDF;2024-06;2024;6;6075,0;8,7119;16421;6,25;2,51
INKP;2024-06;2024;6;8900,0;9,0938;16421;6,25;2,51
KLBF;2024-06;2024;6;1525,0;7,3297;16421;6,25;2,51
PGAS;2024-06;2024;6;1540,0;7,3395;16421;6,25;2,51
PTBA;2024-06;2024;6;2450,0;7,8038;16421;6,25;2,51
TLKM;2024-06;2024;6;3130,0;8,0488;16421;6,25;2,51
UNTR;2024-06;2024;6;21975,0;9,9977;16421;6,25;2,51
UNVR;2024-06;2024;6;3020,0;8,013;16421;6,25;2,51
ADRO;2024-07;2024;7;3220,0;8,0771;16260;6,25;2,13
ANTM;2024-07;2024;7;1315,0;7,1816;16260;6,25;2,13
BRIS;2024-07;2024;7;2600,0;7,8633;16260;6,25;2,13
BRMS;2024-07;2024;7;157,0;5,0562;16260;6,25;2,13
CPIN;2024-07;2024;7;5225,0;8,5612;16260;6,25;2,13
EXCL;2024-07;2024;7;2170,0;7,6825;16260;6,25;2,13
ICBP;2024-07;2024;7;10925,0;9,2988;16260;6,25;2,13
INCO;2024-07;2024;7;3740,0;8,2268;16260;6,25;2,13
INDF;2024-07;2024;7;6125,0;8,7201;16260;6,25;2,13
INKP;2024-07;2024;7;8350,0;9,03;16260;6,25;2,13
KLBF;2024-07;2024;7;1590,0;7,3715;16260;6,25;2,13
PGAS;2024-07;2024;7;1600,0;7,3778;16260;6,25;2,13
PTBA;2024-07;2024;7;2680,0;7,8936;16260;6,25;2,13
TLKM;2024-07;2024;7;2880,0;7,9655;16260;6,25;2,13
UNTR;2024-07;2024;7;25800,0;10,1581;16260;6,25;2,13
UNVR;2024-07;2024;7;2440,0;7,7998;16260;6,25;2,13
ADRO;2024-08;2024;8;3560,0;8,1775;15455;6,25;2,12
ANTM;2024-08;2024;8;1390,0;7,2371;15455;6,25;2,12
BRIS;2024-08;2024;8;2650,0;7,8823;15455;6,25;2,12
BRMS;2024-08;2024;8;162,0;5,0876;15455;6,25;2,12
CPIN;2024-08;2024;8;4860,0;8,4888;15455;6,25;2,12
EXCL;2024-08;2024;8;2230,0;7,7098;15455;6,25;2,12
ICBP;2024-08;2024;8;11475,0;9,3479;15455;6,25;2,12
INCO;2024-08;2024;8;3840,0;8,2532;15455;6,25;2,12
INDF;2024-08;2024;8;6850,0;8,832;15455;6,25;2,12
INKP;2024-08;2024;8;8100,0;8,9996;15455;6,25;2,12
KLBF;2024-08;2024;8;1650,0;7,4085;15455;6,25;2,12
PGAS;2024-08;2024;8;1540,0;7,3395;15455;6,25;2,12
PTBA;2024-08;2024;8;2730,0;7,9121;15455;6,25;2,12
TLKM;2024-08;2024;8;3060,0;8,0262;15455;6,25;2,12
UNTR;2024-08;2024;8;27050,0;10,2054;15455;6,25;2,12
UNVR;2024-08;2024;8;2270,0;7,7275;15455;6,25;2,12
ADRO;2024-09;2024;9;3810,0;8,2454;15140;6,0;1,84
ANTM;2024-09;2024;9;1480,0;7,2998;15140;6,0;1,84
BRIS;2024-09;2024;9;3010,0;8,0097;15140;6,0;1,84
BRMS;2024-09;2024;9;230,0;5,4381;15140;6,0;1,84
CPIN;2024-09;2024;9;4700,0;8,4553;15140;6,0;1,84
EXCL;2024-09;2024;9;2290,0;7,7363;15140;6,0;1,84
ICBP;2024-09;2024;9;12325,0;9,4194;15140;6,0;1,84
INCO;2024-09;2024;9;4080,0;8,3139;15140;6,0;1,84
INDF;2024-09;2024;9;7050,0;8,8608;15140;6,0;1,84
INKP;2024-09;2024;9;8650,0;9,0653;15140;6,0;1,84
KLBF;2024-09;2024;9;1725,0;7,453;15140;6,0;1,84
PGAS;2024-09;2024;9;1435,0;7,2689;15140;6,0;1,84
PTBA;2024-09;2024;9;3080,0;8,0327;15140;6,0;1,84
TLKM;2024-09;2024;9;2990,0;8,003;15140;6,0;1,84
UNTR;2024-09;2024;9;27150,0;10,2091;15140;6,0;1,84
UNVR;2024-09;2024;9;2210,0;7,7007;15140;6,0;1,84
ADRO;2024-10;2024;10;3620,0;8,1942;15698;6,0;1,71
ANTM;2024-10;2024;10;1600,0;7,3778;15698;6,0;1,71
BRIS;2024-10;2024;10;3030,0;8,0163;15698;6,0;1,71
BRMS;2024-10;2024;10;368,0;5,9081;15698;6,0;1,71
CPIN;2024-10;2024;10;5250,0;8,566;15698;6,0;1,71
EXCL;2024-10;2024;10;2250,0;7,7187;15698;6,0;1,71
ICBP;2024-10;2024;10;12325,0;9,4194;15698;6,0;1,71
INCO;2024-10;2024;10;3820,0;8,248;15698;6,0;1,71
INDF;2024-10;2024;10;7600,0;8,9359;15698;6,0;1,71
INKP;2024-10;2024;10;8075,0;8,9965;15698;6,0;1,71
KLBF;2024-10;2024;10;1615,0;7,3871;15698;6,0;1,71
PGAS;2024-10;2024;10;1565,0;7,3556;15698;6,0;1,71
PTBA;2024-10;2024;10;2960,0;7,9929;15698;6,0;1,71
TLKM;2024-10;2024;10;2820,0;7,9445;15698;6,0;1,71
UNTR;2024-10;2024;10;27450,0;10,2201;15698;6,0;1,71
UNVR;2024-10;2024;10;1965,0;7,5832;15698;6,0;1,71
ADRO;2024-11;2024;11;2080,0;7,6401;15856;6,0;1,55
ANTM;2024-11;2024;11;1430,0;7,2654;15856;6,0;1,55
BRIS;2024-11;2024;11;2900,0;7,9725;15856;6,0;1,55
BRMS;2024-11;2024;11;414,0;6,0259;15856;6,0;1,55
CPIN;2024-11;2024;11;4670,0;8,4489;15856;6,0;1,55
EXCL;2024-11;2024;11;2220,0;7,7053;15856;6,0;1,55
ICBP;2024-11;2024;11;11900,0;9,3843;15856;6,0;1,55
INCO;2024-11;2024;11;3600,0;8,1887;15856;6,0;1,55
INDF;2024-11;2024;11;7550,0;8,9293;15856;6,0;1,55
INKP;2024-11;2024;11;7250,0;8,8888;15856;6,0;1,55
KLBF;2024-11;2024;11;1500,0;7,3132;15856;6,0;1,55
PGAS;2024-11;2024;11;1520,0;7,3265;15856;6,0;1,55
PTBA;2024-11;2024;11;2700,0;7,901;15856;6,0;1,55
TLKM;2024-11;2024;11;2710,0;7,9047;15856;6,0;1,55
UNTR;2024-11;2024;11;26775,0;10,1952;15856;6,0;1,55
UNVR;2024-11;2024;11;1865,0;7,531;15856;6,0;1,55
ADRO;2024-12;2024;12;2430,0;7,7956;16162;6,0;1,57
ANTM;2024-12;2024;12;1525,0;7,3297;16162;6,0;1,57
BRIS;2024-12;2024;12;2730,0;7,9121;16162;6,0;1,57
BRMS;2024-12;2024;12;346,0;5,8464;16162;6,0;1,57
CPIN;2024-12;2024;12;4760,0;8,468;16162;6,0;1,57
EXCL;2024-12;2024;12;2250,0;7,7187;16162;6,0;1,57
ICBP;2024-12;2024;12;11375,0;9,3392;16162;6,0;1,57
INCO;2024-12;2024;12;3620,0;8,1942;16162;6,0;1,57
INDF;2024-12;2024;12;7700,0;8,949;16162;6,0;1,57
INKP;2024-12;2024;12;6800,0;8,8247;16162;6,0;1,57
KLBF;2024-12;2024;12;1360,0;7,2152;16162;6,0;1,57
PGAS;2024-12;2024;12;1590,0;7,3715;16162;6,0;1,57
PTBA;2024-12;2024;12;2750,0;7,9194;16162;6,0;1,57
TLKM;2024-12;2024;12;2710,0;7,9047;16162;6,0;1,57
UNTR;2024-12;2024;12;26775,0;10,1952;16162;6,0;1,57
UNVR;2024-12;2024;12;1885,0;7,5417;16162;6,0;1,57
ADRO;2025-01;2025;1;2330,0;7,7536;16305;5,75;0,76
ANTM;2025-01;2025;1;1390,0;7,2371;16305;5,75;0,76
BRIS;2025-01;2025;1;2930,0;7,9828;16305;5,75;0,76
BRMS;2025-01;2025;1;382,0;5,9454;16305;5,75;0,76
CPIN;2025-01;2025;1;4670,0;8,4489;16305;5,75;0,76
EXCL;2025-01;2025;1;2270,0;7,7275;16305;5,75;0,76
ICBP;2025-01;2025;1;11500,0;9,3501;16305;5,75;0,76
INCO;2025-01;2025;1;3000,0;8,0064;16305;5,75;0,76
INDF;2025-01;2025;1;7850,0;8,9683;16305;5,75;0,76
INKP;2025-01;2025;1;6750,0;8,8173;16305;5,75;0,76
KLBF;2025-01;2025;1;1265,0;7,1428;16305;5,75;0,76
PGAS;2025-01;2025;1;1600,0;7,3778;16305;5,75;0,76
PTBA;2025-01;2025;1;2690,0;7,8973;16305;5,75;0,76
TLKM;2025-01;2025;1;2660,0;7,8861;16305;5,75;0,76
UNTR;2025-01;2025;1;24875,0;10,1216;16305;5,75;0,76
UNVR;2025-01;2025;1;1630,0;7,3963;16305;5,75;0,76
ADRO;2025-02;2025;2;2070,0;7,6353;16380;5,75;1,15
ANTM;2025-02;2025;2;1585,0;7,3683;16380;5,75;1,15
BRIS;2025-02;2025;2;2500,0;7,824;16380;5,75;1,15
BRMS;2025-02;2025;2;354,0;5,8693;16380;5,75;1,15
CPIN;2025-02;2025;2;4190,0;8,3405;16380;5,75;1,15
EXCL;2025-02;2025;2;2210,0;7,7007;16380;5,75;1,15
ICBP;2025-02;2025;2;10450,0;9,2544;16380;5,75;1,15
INCO;2025-02;2025;2;2910,0;7,9759;16380;5,75;1,15
INDF;2025-02;2025;2;7125,0;8,8714;16380;5,75;1,15
INKP;2025-02;2025;2;4700,0;8,4553;16380;5,75;1,15
KLBF;2025-02;2025;2;1080,0;6,9847;16380;5,75;1,15
PGAS;2025-02;2025;2;1505,0;7,3165;16380;5,75;1,15
PTBA;2025-02;2025;2;2590,0;7,8594;16380;5,75;1,15
TLKM;2025-02;2025;2;2350,0;7,7622;16380;5,75;1,15
UNTR;2025-02;2025;2;22350,0;10,0146;16380;5,75;1,15
UNVR;2025-02;2025;2;1015,0;6,9226;16380;5,75;1,15
ADRO;2025-03;2025;3;1845,0;7,5202;16520;5,75;1,45
ANTM;2025-03;2025;3;1635,0;7,3994;16520;5,75;1,45
BRIS;2025-03;2025;3;2340,0;7,7579;16520;5,75;1,45
BRMS;2025-03;2025;3;332,0;5,8051;16520;5,75;1,45
CPIN;2025-03;2025;3;4390,0;8,3871;16520;5,75;1,45
EXCL;2025-03;2025;3;2280,0;7,7319;16520;5,75;1,45
ICBP;2025-03;2025;3;10175,0;9,2277;16520;5,75;1,45
INCO;2025-03;2025;3;2270,0;7,7275;16520;5,75;1,45
INDF;2025-03;2025;3;7100,0;8,8679;16520;5,75;1,45
INKP;2025-03;2025;3;4920,0;8,5011;16520;5,75;1,45
KLBF;2025-03;2025;3;1135,0;7,0344;16520;5,75;1,45
PGAS;2025-03;2025;3;1555,0;7,3492;16520;5,75;1,45
PTBA;2025-03;2025;3;2520,0;7,832;16520;5,75;1,45
TLKM;2025-03;2025;3;2410,0;7,7874;16520;5,75;1,45
UNTR;2025-03;2025;3;23550,0;10,0669;16520;5,75;1,45
UNVR;2025-03;2025;3;1265,0;7,1428;16520;5,75;1,45
ADRO;2025-04;2025;4;1900,0;7,5496;16590;5,75;1,85
ANTM;2025-04;2025;4;2170,0;7,6825;16590;5,75;1,85
BRIS;2025-04;2025;4;2850,0;7,9551;16590;5,75;1,85
BRMS;2025-04;2025;4;382,0;5,9454;16590;5,75;1,85
CPIN;2025-04;2025;4;4730,0;8,4617;16590;5,75;1,85
EXCL;2025-04;2025;4;2150,0;7,6732;16590;5,75;1,85
ICBP;2025-04;2025;4;11350,0;9,337;16590;5,75;1,85
INCO;2025-04;2025;4;2490,0;7,82;16590;5,75;1,85
INDF;2025-04;2025;4;8000,0;8,9872;16590;5,75;1,85
INKP;2025-04;2025;4;5150,0;8,5468;16590;5,75;1,85
KLBF;2025-04;2025;4;1365,0;7,2189;16590;5,75;1,85
PGAS;2025-04;2025;4;1685,0;7,4295;16590;5,75;1,85
PTBA;2025-04;2025;4;2760,0;7,923;16590;5,75;1,85
TLKM;2025-04;2025;4;2640,0;7,8785;16590;5,75;1,85
UNTR;2025-04;2025;4;22700,0;10,0301;16590;5,75;1,85
UNVR;2025-04;2025;4;1715,0;7,4472;16590;5,75;1,85
ADRO;2025-05;2025;5;2200,0;7,6962;16480;5,5;2,1
ANTM;2025-05;2025;5;3110,0;8,0424;16480;5,5;2,1
BRIS;2025-05;2025;5;3000,0;8,0064;16480;5,5;2,1
BRMS;2025-05;2025;5;390,0;5,9661;16480;5,5;2,1
CPIN;2025-05;2025;5;4840,0;8,4847;16480;5,5;2,1
EXCL;2025-05;2025;5;2200,0;7,6962;16480;5,5;2,1
ICBP;2025-05;2025;5;10900,0;9,2965;16480;5,5;2,1
INCO;2025-05;2025;5;3510,0;8,1634;16480;5,5;2,1
INDF;2025-05;2025;5;7875,0;8,9714;16480;5,5;2,1
INKP;2025-05;2025;5;6425,0;8,768;16480;5,5;2,1
KLBF;2025-05;2025;5;1515,0;7,3232;16480;5,5;2,1
PGAS;2025-05;2025;5;1820,0;7,5066;16480;5,5;2,1
PTBA;2025-05;2025;5;2890,0;7,969;16480;5,5;2,1
TLKM;2025-05;2025;5;2820,0;7,9445;16480;5,5;2,1
UNTR;2025-05;2025;5;22450,0;10,019;16480;5,5;2,1
UNVR;2025-05;2025;5;1730,0;7,4559;16480;5,5;2,1
ADRO;2025-06;2025;6;1830,0;7,5121;16390;5,5;2,25
ANTM;2025-06;2025;6;3040,0;8,0196;16390;5,5;2,25
BRIS;2025-06;2025;6;2580,0;7,8555;16390;5,5;2,25
BRMS;2025-06;2025;6;396,0;5,9814;16390;5,5;2,25
CPIN;2025-06;2025;6;4700,0;8,4553;16390;5,5;2,25
EXCL;2025-06;2025;6;2250,0;7,7187;16390;5,5;2,25
ICBP;2025-06;2025;6;10500,0;9,2591;16390;5,5;2,25
INCO;2025-06;2025;6;3450,0;8,1461;16390;5,5;2,25
INDF;2025-06;2025;6;8125,0;9,0027;16390;5,5;2,25
INKP;2025-06;2025;6;5750,0;8,657;16390;5,5;2,25
KLBF;2025-06;2025;6;1525,0;7,3297;16390;5,5;2,25
PGAS;2025-06;2025;6;1615,0;7,3871;16390;5,5;2,25
PTBA;2025-06;2025;6;2460,0;7,8079;16390;5,5;2,25
TLKM;2025-06;2025;6;2780,0;7,9302;16390;5,5;2,25
UNTR;2025-06;2025;6;21450,0;9,9735;16390;5,5;2,25
UNVR;2025-06;2025;6;1450,0;7,2793;16390;5,5;2,25
ADRO;2025-07;2025;7;1850,0;7,5229;16450;5,25;2,4
ANTM;2025-07;2025;7;2850,0;7,9551;16450;5,25;2,4
BRIS;2025-07;2025;7;2730,0;7,9121;16450;5,25;2,4
BRMS;2025-07;2025;7;430,0;6,0638;16450;5,25;2,4
CPIN;2025-07;2025;7;4930,0;8,5031;16450;5,25;2,4
EXCL;2025-07;2025;7;2520,0;7,832;16450;5,25;2,4
ICBP;2025-07;2025;7;9800,0;9,1901;16450;5,25;2,4
INCO;2025-07;2025;7;3450,0;8,1461;16450;5,25;2,4
INDF;2025-07;2025;7;8525,0;9,0508;16450;5,25;2,4
INKP;2025-07;2025;7;6800,0;8,8247;16450;5,25;2,4
KLBF;2025-07;2025;7;1430,0;7,2654;16450;5,25;2,4
PGAS;2025-07;2025;7;1630,0;7,3963;16450;5,25;2,4
PTBA;2025-07;2025;7;2420,0;7,7915;16450;5,25;2,4
TLKM;2025-07;2025;7;2880,0;7,9655;16450;5,25;2,4
UNTR;2025-07;2025;7;24150,0;10,092;16450;5,25;2,4
UNVR;2025-07;2025;7;1710,0;7,4442;16450;5,25;2,4
ADRO;2025-08;2025;8;1755,0;7,4702;16380;5,0;2,55
ANTM;2025-08;2025;8;3040,0;8,0196;16380;5,0;2,55
BRIS;2025-08;2025;8;2710,0;7,9047;16380;5,0;2,55
BRMS;2025-08;2025;8;470,0;6,1527;16380;5,0;2,55
CPIN;2025-08;2025;8;4270,0;8,3594;16380;5,0;2,55
EXCL;2025-08;2025;8;2750,0;7,9194;16380;5,0;2,55
ICBP;2025-08;2025;8;8975,0;9,1022;16380;5,0;2,55
INCO;2025-08;2025;8;3740,0;8,2268;16380;5,0;2,55
INDF;2025-08;2025;8;7450,0;8,916;16380;5,0;2,55
INKP;2025-08;2025;8;7650,0;8,9425;16380;5,0;2,55
KLBF;2025-08;2025;8;1215,0;7,1025;16380;5,0;2,55
PGAS;2025-08;2025;8;1710,0;7,4442;16380;5,0;2,55
PTBA;2025-08;2025;8;2400,0;7,7832;16380;5,0;2,55
TLKM;2025-08;2025;8;3130,0;8,0488;16380;5,0;2,55
UNTR;2025-08;2025;8;24400,0;10,1023;16380;5,0;2,55
UNVR;2025-08;2025;8;1700,0;7,4384;16380;5,0;2,55
ADRO;2025-09;2025;9;1690,0;7,4325;16510;4,75;2,65
ANTM;2025-09;2025;9;3160,0;8,0583;16510;4,75;2,65
BRIS;2025-09;2025;9;2590,0;7,8594;16510;4,75;2,65
BRMS;2025-09;2025;9;840,0;6,7334;16510;4,75;2,65
CPIN;2025-09;2025;9;4660,0;8,4468;16510;4,75;2,65
EXCL;2025-09;2025;9;2660,0;7,8861;16510;4,75;2,65
ICBP;2025-09;2025;9;9475,0;9,1564;16510;4,75;2,65
INCO;2025-09;2025;9;4400,0;8,3894;16510;4,75;2,65
INDF;2025-09;2025;9;7225,0;8,8853;16510;4,75;2,65
INKP;2025-09;2025;9;7350,0;8,9025;16510;4,75;2,65
KLBF;2025-09;2025;9;1130,0;7,03;16510;4,75;2,65
PGAS;2025-09;2025;9;1690,0;7,4325;16510;4,75;2,65
PTBA;2025-09;2025;9;2350,0;7,7622;16510;4,75;2,65
TLKM;2025-09;2025;9;3060,0;8,0262;16510;4,75;2,65
UNTR;2025-09;2025;9;26775,0;10,1952;16510;4,75;2,65
UNVR;2025-09;2025;9;1780,0;7,4844;16510;4,75;2,65
ADRO;2025-10;2025;10;1885,0;7,5417;16620;4,75;2,75
ANTM;2025-10;2025;10;3100,0;8,0392;16620;4,75;2,75
BRIS;2025-10;2025;10;2550,0;7,8438;16620;4,75;2,75
BRMS;2025-10;2025;10;920,0;6,8244;16620;4,75;2,75
CPIN;2025-10;2025;10;4670,0;8,4489;16620;4,75;2,75
EXCL;2025-10;2025;10;2610,0;7,8671;16620;4,75;2,75
ICBP;2025-10;2025;10;8700,0;9,0711;16620;4,75;2,75
INCO;2025-10;2025;10;4750,0;8,4659;16620;4,75;2,75
INDF;2025-10;2025;10;7400,0;8,9092;16620;4,75;2,75
INKP;2025-10;2025;10;7450,0;8,916;16620;4,75;2,75
KLBF;2025-10;2025;10;1275,0;7,1507;16620;4,75;2,75
PGAS;2025-10;2025;10;1740,0;7,4616;16620;4,75;2,75
PTBA;2025-10;2025;10;2400,0;7,7832;16620;4,75;2,75
TLKM;2025-10;2025;10;3210,0;8,074;16620;4,75;2,75
UNTR;2025-10;2025;10;26900,0;10,1999;16620;4,75;2,75
UNVR;2025-10;2025;10;2580,0;7,8555;16620;4,75;2,75
ADRO;2025-11;2025;11;1810,0;7,5011;16690;4,75;2,85
ANTM;2025-11;2025;11;2910,0;7,9759;16690;4,75;2,85
BRIS;2025-11;2025;11;2340,0;7,7579;16690;4,75;2,85
BRMS;2025-11;2025;11;975,0;6,8824;16690;4,75;2,85
CPIN;2025-11;2025;11;4630,0;8,4403;16690;4,75;2,85
EXCL;2025-11;2025;11;2890,0;7,969;16690;4,75;2,85
ICBP;2025-11;2025;11;8450,0;9,0419;16690;4,75;2,85
INCO;2025-11;2025;11;3820,0;8,248;16690;4,75;2,85
INDF;2025-11;2025;11;7350,0;8,9025;16690;4,75;2,85
INKP;2025-11;2025;11;8775,0;9,0797;16690;4,75;2,85
KLBF;2025-11;2025;11;1200,0;7,0901;16690;4,75;2,85
PGAS;2025-11;2025;11;1805,0;7,4983;16690;4,75;2,85
PTBA;2025-11;2025;11;2310,0;7,745;16690;4,75;2,85
TLKM;2025-11;2025;11;3510,0;8,1634;16690;4,75;2,85
UNTR;2025-11;2025;11;28000,0;10,24;16690;4,75;2,85
UNVR;2025-11;2025;11;2600,0;7,8633;16690;4,75;2,85
ADRO;2025-12;2025;12;1810,0;7,5011;16782;4,75;2,92
ANTM;2025-12;2025;12;3150,0;8,0552;16782;4,75;2,92
BRIS;2025-12;2025;12;2230,0;7,7098;16782;4,75;2,92
BRMS;2025-12;2025;12;1100,0;7,0031;16782;4,75;2,92
CPIN;2025-12;2025;12;4510,0;8,4141;16782;4,75;2,92
EXCL;2025-12;2025;12;3750,0;8,2295;16782;4,75;2,92
ICBP;2025-12;2025;12;8200,0;9,0119;16782;4,75;2,92
INCO;2025-12;2025;12;5175,0;8,5516;16782;4,75;2,92
INDF;2025-12;2025;12;6775,0;8,821;16782;4,75;2,92
INKP;2025-12;2025;12;8500,0;9,0478;16782;4,75;2,92
KLBF;2025-12;2025;12;1205,0;7,0942;16782;4,75;2,92
PGAS;2025-12;2025;12;1910,0;7,5549;16782;4,75;2,92
PTBA;2025-12;2025;12;2310,0;7,745;16782;4,75;2,92
TLKM;2025-12;2025;12;3480,0;8,1548;16782;4,75;2,92
UNTR;2025-12;2025;12;29500,0;10,2921;16782;4,75;2,92
UNVR;2025-12;2025;12;2600,0;7,8633;16782;4,75;2,92
