periode;tahun;bulan;rata_rata_harga_saham;ln_harga_saham;nilai_tukar;bi_rate;inflasi
2023-01;2023;1;5472,12;8,6074;14995;5,75;5,28
2023-02;2023;2;5560,81;8,6235;15209;5,75;5,47
2023-03;2023;3;5569,69;8,6251;15020;5,75;4,97
2023-04;2023;4;5654,81;8,6403;14666;5,75;4,33
2023-05;2023;5;5126,94;8,5423;14979;5,75;4,0
2023-06;2023;6;5267,56;8,5693;15064;5,75;3,52
2023-07;2023;7;5585,06;8,6279;15088;5,75;3,08
2023-08;2023;8;5436,88;8,601;15216;5,75;3,27
2023-09;2023;9;5651,69;8,6397;15487;5,75;2,28
2023-10;2023;10;5202,44;8,5569;15843;6,0;2,56
2023-11;2023;11;4952,94;8,5077;15407;6,0;2,86
2023-12;2023;12;4872,81;8,4914;15416;6,0;2,61
2024-01;2024;1;4898,44;8,4967;15783;6,0;2,57
2024-02;2024;2;5003,69;8,5179;15715;6,0;2,75
2024-03;2024;3;5152,5;8,5472;15857;6,0;3,05
2024-04;2024;4;5117,69;8,5405;16255;6,25;3,0
2024-05;2024;5;4840,62;8,4848;16253;6,25;2,84
2024-06;2024;6;4823,5;8,4813;16421;6,25;2,51
2024-07;2024;7;5051,06;8,5274;16260;6,25;2,13
2024-08;2024;8;5213,56;8,559;15455;6,25;2,12
2024-09;2024;9;5388,44;8,592;15140;6,0;1,84
2024-10;2024;10;5394,56;8,5931;15698;6,0;1,71
2024-11;2024;11;5067,75;8,5307;15856;6,0;1,55
2024-12;2024;12;5037,88;8,5247;16162;6,0;1,57
2025-01;2025;1;4862,0;8,4892;16305;5,75;0,76
2025-02;2025;2;4311,5;8,369;16380;5,75;1,15
2025-03;2025;3;4357,62;8,3797;16520;5,75;1,45
2025-04;2025;4;4627,31;8,4397;16590;5,75;1,85
2025-05;2025;5;4854,69;8,4877;16480;5,5;2,1
2025-06;2025;6;4618,81;8,4379;16390;5,5;2,25
2025-07;2025;7;4881,56;8,4932;16450;5,25;2,4
2025-08;2025;8;4835,31;8,4837;16380;5,0;2,55
2025-09;2025;9;5052,19;8,5276;16510;4,75;2,65
2025-10;2025;10;5133,75;8,5436;16620;4,75;2,75
2025-11;2025;11;5210,94;8,5585;16690;4,75;2,85
2025-12;2025;12;5387,81;8,5919;16782;4,75;2,92
